{"Alapadmam": [0.0, 0.0, 0.0, 0.040304947096503514, -0.19158361697402612, -0.1579497808461307, 0.07960416897307955, -0.45507943463869766, -0.2833274820458753, 0.12037572867877547, -0.6513126979950077, -0.3885112698368218, 0.15644727141617437, -0.8046232161092748, -0.49752934799265913, 0.021985378007915887, -0.85376405152601, -0.3639319323920493, 0.05349598393364128, -1.2247733472629636, -0.5274138422404626, 0.06239452040143665, -1.4570903794290846, -0.6340106263956283, 0.07784183187097718, -1.6544628599742506, -0.7175643859811749, 5.664011626873563e-17, -0.8328929734584097, -0.38850047598686305, -0.022669973412808377, -1.216464302237481, -0.6076780952249368, -0.02306684624947371, -1.4755828913135036, -0.7620590129142015, -0.014907485064669695, -1.6780180333888965, -0.8708620172822767, -0.01500584844274779, -0.7214511280778351, -0.4105236812679311, -0.02643577449300578, -0.916598992988203, -0.6481711420495584, -0.028170068825371715, -0.9872369493555001, -0.7851610141301734, -0.0279655540993884, -1.0452004569938176, -0.8626932842891056, -0.02072202894053352, -0.5742059614413234, -0.43404001391173314, -0.03292020944126495, -0.6169283897832026, -0.6394376377387827, -0.030617192483930866, -0.5812421204550972, -0.7293742116366018, -0.027602889082428635, -0.5636031792234838, -0.7830936402924602], "Aralam": [0.0, 0.0, 0.0, 0.014306796360653354, -0.12193454017728976, -0.35547453539362883, 0.029744679472277612, -0.396666492363796, -0.5357758798903657, -0.0038639527730133325, -0.6633001239989135, -0.6706829906709648, -0.0735433879796138, -0.8683194949869079, -0.7789836867156744, 0.042335252582098575, -0.9092862138733934, -0.3139975115604135, -0.009852668508952573, -1.2202093387535475, -0.5439778746878933, -0.06508110867004895, -1.1352733604754197, -0.7084014135280355, -0.10615183999854183, -1.0101259218598608, -0.7890355990663854, 6.225837948117948e-17, -0.9553452757323113, -0.21780800609884893, -0.05204572456755355, -1.401428807654692, -0.37630711722160914, -0.08637663015547063, -1.6663239904793292, -0.49570639268840105, -0.10540252934494311, -1.9092216449220092, -0.5777843883032561, -0.03929030058304299, -0.9117870064817788, -0.16457637729473854, -0.08369022719759077, -1.302535112339047, -0.3067310412920301, -0.11643711298477692, -1.5062324085088565, -0.38930802228879935, -0.13349944694608182, -1.684975866001849, -0.434517521296482, -0.07661972486422192, -0.8112460313974529, -0.1435524984896176, -0.1028981469808036, -1.0999798876323705, -0.23384932781557566, -0.12777635305162863, -1.2641710026686932, -0.2709126864010298, -0.13944013640738376, -1.4139747893950616, -0.2932284979602328], "Katrimukha": [0.0, 0.0, 0.0, -0.050469647073075045, -0.10001575611746047, -0.39947104403192174, -0.11139147571959447, -0.3816725313646222, -0.5586083536551829, -0.20967381338889865, -0.6310054788712203, -0.6473787797084174, -0.27640974384778483, -0.8536942388164798, -0.7157256517687022, 0.021169467141263214, -0.9015903043660424, -0.4252388146179448, 0.01720160645842064, -1.3453744869250115, -0.6016449200791502, 0.02089814912978266, -1.5912461228352874, -0.7252641130938116, 0.042236548267668046, -1.8018121403446332, -0.8065743100766032, 6.16820334709895e-17, -0.9218309828335072, -0.2945426468776678, -0.09631106744683753, -1.3414616444805878, -0.4732875750651387, -0.1676159569499588, -1.5599445399808065, -0.5948337830938418, -0.20360747489496808, -1.754299296281653, -0.6671919898198478, -0.02678428609892911, -0.8623484213150896, -0.19444525599015852, -0.14355676599047085, -1.1141029869436019, -0.417129902871633, -0.18347151258585692, -0.9430926666733697, -0.5131276290755182, -0.17803322967411964, -0.8217099020832851, -0.5315184934638949, -0.051478790987668215, -0.7659795048407083, -0.12167143497925988, -0.1551027636537451, -0.9141821905351788, -0.3182479686109833, -0.18711967688495434, -0.8095361190974841, -0.38902556725457343, -0.18750184694602973, -0.7196697764153317, -0.4052004601247], "Mayura": [0.0, 0.0, 0.0, 0.01136024879463078, -0.03269290959265129, -0.48303617447268954, -0.0031263260663258147, -0.23886860269391297, -0.6948690010580062, -0.09934186389698309, -0.4450635264965657, -0.8263620413342828, -0.17017378567754377, -0.6653831827764851, -0.9365687350489038, 0.049818751943398194, -0.7971678745688558, -0.5355324871289268, 0.04493778901812063, -1.252614590945615, -0.7319521050504947, 0.038585309453026274, -1.530182026615475, -0.8575623598420506, 0.035667234692047266, -1.7700597078735416, -0.9348768818683906, 4.884562787420393e-17, -0.8593890055018288, -0.3855050594631348, -0.030749110371454582, -1.3461188078217772, -0.581502274532934, -0.05323122404693564, -1.632500642424775, -0.7182327097708295, -0.06749777272168248, -1.8775892636520306, -0.8028624066330177, -0.045565550141441966, -0.835395658843127, -0.2723976022155827, -0.10898594803846336, -1.1055450836209713, -0.5224693250136002, -0.1361152727211301, -0.9318285372693991, -0.6471616732521729, -0.14414831188458752, -0.801384940979576, -0.6773113748819647, -0.08580071748596375, -0.7829362184484341, -0.1927025993446196, -0.1372197724709012, -1.039344611767768, -0.38149670130907676, -0.17761987214380523, -1.1447652251896814, -0.47979280710163524, -0.20875976539870372, -1.2405347084836726, -0.5283281569507816], "Mrigasirsha": [0.0, 0.0, 0.0, 0.07247840975842294, -0.22209570985241783, -0.3807110158275107, 0.12053497963499968, -0.6350470905436094, -0.5390958704641878, 0.12651715273623887, -0.9941625195783735, -0.6355329465753937, 0.15594912894914725, -1.2802922872433578, -0.726311860215477, 0.08684054342315203, -0.9346526307738338, -0.4208117191300774, -0.0001746341212508156, -1.1873216163851037, -0.6442981245021323, -0.06732773153154645, -1.25679454562316, -0.8056366098664202, -0.1124003485178201, -1.3155462357972905, -0.9019433189688093, 5.27077075068884e-17, -0.9221562541130781, -0.31085622918001815, -0.12795913151355456, -1.1346266908847749, -0.5872842981701276, -0.22624361412168104, -1.146047521751618, -0.7993724473042206, -0.2962092985221451, -1.1493934421027423, -0.9275711360938876, -0.08183664093797777, -0.8759729570390116, -0.2296511363826274, -0.20682908097323593, -1.0866121904565742, -0.5121994518839084, -0.2893003305192566, -1.1268296990675009, -0.7176084193120684, -0.33983082064116316, -1.1478104339554336, -0.8193169169608908, -0.15433538118686893, -0.8155635064572923, -0.16669788585217826, -0.19746506986365217, -1.095195673812039, -0.3650674547513607, -0.23304539123644843, -1.2779602853706094, -0.5051947530658534, -0.2559656727018285, -1.4404103422597192, -0.5956153740225896], "Mushti": [0.0, 0.0, 0.0, 0.09690415223228373, -0.26020258705155014, -0.1694969197411698, 0.10625186036181261, -0.6809294420112921, -0.23242348099480567, 0.04345362742494831, -1.0222432001411872, -0.28712660697098596, -0.022670340673479172, -1.2133169513149646, -0.3122583516225136, 0.07516505556180218, -1.0062717460129693, -0.020241668056401152, -0.00022356513977046512, -1.2391705458868776, -0.1799935140845063, -0.018322563218346574, -1.087632866550352, -0.2646772597044561, -0.01077332857247545, -0.9886815218827831, -0.2993451845721443, 5.552656544835284e-17, -0.9477189043693857, -0.005710364881905669, -0.08034780840027118, -1.1269639548376291, -0.16934312544148444, -0.07868057037144283, -0.8863455131378111, -0.21743362474861969, -0.0475937752654983, -0.8149430063632322, -0.21435487842597561, -0.06912731140676698, -0.831359931878065, -0.028884903829495073, -0.14146975740447734, -0.957307486670692, -0.21698156801069327, -0.12721052290010038, -0.7286473183821942, -0.20878587267358908, -0.09729827936973963, -0.6579446100010479, -0.15817245738813757, -0.13586020138984217, -0.6814826356287569, -0.06741051813595669, -0.19050232513526585, -0.7686060755881959, -0.19756908300089454, -0.1807564959849587, -0.6265962252530435, -0.1897619081935068, -0.15314985419573054, -0.5746343044624732, -0.15263871641854607],