{"Alapadmam": [0.5544741976945127, 0.7014828390417587, 8.14802407196676e-07, 0.5454954089113694, 0.6340685218371443, -0.040737338469839665, 0.5336105475344102, 0.5678616971093641, -0.07503496205057619, 0.5271353343988453, 0.5083925627753958, -0.10461152871275183, 0.5254355988024286, 0.4631618144657021, -0.13533702537259348, 0.5081840781001024, 0.5646631075940458, -0.10024697123313854, 0.4951668494491476, 0.502456953549684, -0.14702823597220696, 0.4848924110515138, 0.4647413610319967, -0.17763705658519832, 0.47701832473910305, 0.4352514856174344, -0.20179993066954244, 0.5082590447068789, 0.5839763646702872, -0.11030935715249016, 0.4822327682861597, 0.5076754620817842, -0.17368763908700077, 0.46786354717833556, 0.4518242918939232, -0.2182298160805623, 0.45877756136707537, 0.4076257498796559, -0.2495929679782891, 0.5135463067369038, 0.6053750785705324, -0.11939089018229727, 0.49694956877882246, 0.5189531865379734, -0.18803402959718707, 0.49018501473829623, 0.4659637989280539, -0.22677253516678983, 0.48310130534257123, 0.42676172167666276, -0.24860421921768233, 0.5225828201613293, 0.6196131105593108, -0.12861328403558178, 0.5121651643468651, 0.5499153670027723, -0.18811616289041838, 0.5120645022754384, 0.5153441880340172, -0.21356589513147842, 0.5103371581466817, 0.4873606962661044, -0.22864117395319583], "Aralam": [0.5355379592886144, 0.7720189070053332, 2.939472935557591e-07, 0.5433637209259131, 0.7325622252287101, -0.10470800348684144, 0.5518947981365497, 0.6517405238396452, -0.15829315091683066, 0.5449046077414942, 0.5771731869691809, -0.1995638372134586, 0.5260256480324305, 0.5229197212216357, -0.2329351018737225, 0.5586546006789741, 0.49581791392986146, -0.08766496950386615, 0.547846602151041, 0.4074318829800067, -0.15829459542114557, 0.5324126925083086, 0.4385542485198946, -0.20951357962856168, 0.5208373049864956, 0.48080558718331273, -0.23472394225781282, 0.5452858813669746, 0.48655324545871814, -0.06136561897933801, 0.5359784947511292, 0.3542635790711083, -0.10898679480960047, 0.5285407532377906, 0.27539115004308995, -0.14592683693050093, 0.5253252844616005, 0.20192713963481235, -0.1714774587133258, 0.532591605330522, 0.5045893775372347, -0.048652618775013, 0.5249131573290984, 0.388266335657356, -0.09167862945136729, 0.5184012459123963, 0.3253926062061707, -0.11761776438876735, 0.5161813109843032, 0.26941258397707407, -0.1321551460366178, 0.5203311423070481, 0.5404531945094602, -0.04567927842952022, 0.5159204847592962, 0.4540018373565731, -0.07285297000022768, 0.5102534729548451, 0.40321596614183614, -0.08434927768446432, 0.5088227456519971, 0.3563069147195701, -0.0915193243425846], "Katrimukha": [0.5280285947024822, 0.7865014553070069, 5.777681716041222e-07, 0.5136747668896403, 0.7599094075816019, -0.11078164462232958, 0.49403143493192536, 0.6897780648299626, -0.15488362381168236, 0.46537080981901713, 0.636750836457525, -0.17989414006005972, 0.4456917486020497, 0.5893670216202735, -0.19914919488531138, 0.5282616479056222, 0.5284601869327682, -0.11688907128991555, 0.5231603460652487, 0.40395931622811726, -0.16664435696854654, 0.5224556529096195, 0.3337308065167495, -0.2016219128771419, 0.5261966615915299, 0.2721585747386728, -0.2246921669492232, 0.5236152695758002, 0.5336658158472606, -0.08151943142126711, 0.4894735913191523, 0.42450921471629827, -0.13196890697415387, 0.46219812227146967, 0.3695366398564407, -0.16617718734778464, 0.44595009152378356, 0.31744796953030996, -0.1863989725941792, 0.5175698835934911, 0.5612574871097292, -0.054828863712360267, 0.47937676842723576, 0.5028696006962231, -0.11802673000160467, 0.4668782186295305, 0.55519885463374, -0.14472929429196355, 0.46791071391531397, 0.5887644199388368, -0.1493480456494061, 0.5119153359106609, 0.5976694960679326, -0.03580827149229921, 0.48077942260674067, 0.5641473418899945, -0.0912754239364793, 0.4731855471219335, 0.5932116265807833, -0.11069388295207835, 0.4751321911811829, 0.61524618268013, -0.11464274014495979], "Mayura": [0.5261181166493579, 0.7421518826955243, 8.57300024490938e-07, 0.5319659470727569, 0.7334791147395184, -0.13366049817934825, 0.5279544458577508, 0.6855944789161807, -0.19115785565717439, 0.5030828033034739, 0.6468006539109507, -0.22659588292069538, 0.48471800924131747, 0.602167071676568, -0.2559819232035232, 0.5356188251783973, 0.52321102332912, -0.14264868758925187, 0.5293157859460303, 0.40202661231160164, -0.19506777304004094, 0.5240605208826693, 0.32697185364208725, -0.22896415833536976, 0.520247426766314, 0.26113455448495715, -0.2499503952138567, 0.5214924457433977, 0.5169962924954138, -0.10093775553794232, 0.5109872021957448, 0.3878577428036614, -0.15318544395191372, 0.503045095620971, 0.311001982932028, -0.19070237175267385, 0.4973449350187653, 0.24261796092124363, -0.21406936929806283, 0.509367294021343, 0.5345970043226292, -0.06987345015247562, 0.4934192123381715, 0.4724620543420315, -0.13807464097733732, 0.4903459422486393, 0.5235896967351437, -0.17348398844785007, 0.49149716949384464, 0.5581115054848947, -0.18256287258669832, 0.4991245385455458, 0.559657742514422, -0.048127705025763114, 0.4843842859723066, 0.49867661571816396, -0.10023229213823612, 0.4735017870797923, 0.47365097093739006, -0.12825175855342472, 0.4655551993729253, 0.44751047754758283, -0.1423195420670948], "Mrigasirsha": [0.5357140680350879, 0.6695943005604319, 7.910023293352807e-08, 0.5571124324999234, 0.6140593561795679, -0.09146878182297882, 0.567866837624276, 0.5142270468249179, -0.12943080243755978, 0.5681569809370702, 0.4265023720736551, -0.15271796999005874, 0.5742046483377419, 0.3526627807924063, -0.17457547073602897, 0.5549119126678693, 0.45518207963150326, -0.10101776811672315, 0.5343201753526631, 0.4213446788858659, -0.15533410017332522, 0.521553370622125, 0.4256303044829038, -0.19431121337531818, 0.513121764258583, 0.4296267894234988, -0.2173432777497438, 0.5329329622263955, 0.46253012755129597, -0.07507691758634095, 0.506404450034151, 0.4479517243286171, -0.14244530658513688, 0.4883421541440605, 0.47121421623938153, -0.1936538148265664, 0.47652147857859584, 0.4923584641206383, -0.22419859974248574, 0.511661166601842, 0.4752984330205634, -0.05612240580952548, 0.48679024600746607, 0.45325332378396893, -0.12494907544298776, 0.4712546432372367, 0.4658348684263702, -0.17436712509537539, 0.4633081289801267, 0.47828415360781223, -0.1983857675649152, 0.4922582772698733, 0.4885400628099347, -0.04154173779130755, 0.4809028727583366, 0.42716281573371134, -0.08972878055819908, 0.4727819089842315, 0.38482597588312506, -0.12336221687717012, 0.46739395921773247, 0.3472784458115549, -0.14475683514766466], "Mushti": [0.5783461581016409, 0.6485893652356904, -2.8061703847358473e-07, 0.5682431170652653, 0.5416808934047305, -0.04860891667836952, 0.5362400568764786, 0.4600360705934722, -0.0659089567645549, 0.502351391109927, 0.44318269552855655, -0.08063003883359887, 0.48110395608277157, 0.46197495213870343, -0.08622658885894982, 0.5161122463900467, 0.4554836421177305, -0.002346307806598402, 0.4895264950291864, 0.4465831890188414, -0.04738835159062951, 0.4919013443691977, 0.4669930231982264, -0.07080892323504262, 0.4974997290249529, 0.4771619825527586, -0.08000973191529766, 0.5094383402117367, 0.5254392399870116, 0.0024673624599958594, 0.48576536517718744, 0.5243142902851105, -0.04439199353439796, 0.4999376617628953, 0.5400897955072337, -0.05818241417271501, 0.5093407649418403, 0.5368478793522408, -0.056652134671357664, 0.5087304935373109, 0.5947749304360357, -0.0037992705133390293, 0.48934020770007164, 0.5972592793661973, -0.057903819960872675, 0.505332987678462, 0.6015409040039983, -0.056247295337279526, 0.5159398214570408, 0.5945952727876861, -0.041734897951065573, 0.5110726050261793, 0.6625743082885085, -0.014430377237357751, 0.49514527094775235, 0.6608804478727538, -0.051637737692137024, 0.5045782942196418, 0.6572508555034111, -0.05018717471494111, 0.5137604296207428, 0.6486888287396266, -0.03985430365314797],